student_id,name,class,comprehension,attention,focus,retention,assessment_score,engagement_time,learning_persona,created_at,last_updated
STU0001,Katherine Davis,Grade 8,84.9,71.0,64.6,66.7,63.1,47.3,Average,2025-09-17 22:07:01.261008,2025-09-17 22:07:01.262292
STU0002,Jordan Mitchell,Grade 12,83.2,58.6,41.4,69.6,61.5,39.4,Average,2025-09-17 22:07:01.261008,2025-09-17 22:07:01.262292
STU0003,Jamie Thomas,Grade 7,68.5,56.5,37.0,51.9,52.8,17.2,Average,2025-09-17 22:07:01.261008,2025-09-17 22:07:01.262292
STU0004,Emery Rodriguez,Grade 12,100.0,59.8,53.9,81.1,83.3,18.3,High Performer,2025-09-17 22:07:01.261008,2025-09-17 22:07:01.262292
STU0005,Ruby Miller,Grade 6,61.3,54.9,42.2,36.9,51.7,10.0,Average,2025-09-17 22:07:01.261008,2025-09-17 22:07:01.262292
STU0006,Nora Mitchell,Grade 8,62.6,51.3,36.5,54.9,46.1,10.0,Average,2025-09-17 22:07:01.261008,2025-09-17 22:07:01.262292
STU0007,Emma Garcia,Grade 9,92.1,79.2,77.4,75.8,80.7,85.1,High Performer,2025-09-17 22:07:01.261008,2025-09-17 22:07:01.262292
STU0008,Hannah Ramirez,Grade 7,74.6,64.7,61.3,56.9,56.9,55.4,Average,2025-09-17 22:07:01.261008,2025-09-17 22:07:01.262292
STU0009,Taylor Johnson,Grade 12,63.3,56.7,46.2,59.1,62.7,10.0,Average,2025-09-17 22:07:01.261008,2025-09-17 22:07:01.262292
STU0010,Riley Wilson,Grade 9,71.5,48.3,53.4,68.3,59.9,12.2,Average,2025-09-17 22:07:01.261008,2025-09-17 22:07:01.262292
STU0011,Emery Allen,Grade 10,65.2,59.9,36.5,42.6,51.2,29.2,Average,2025-09-17 22:07:01.261008,2025-09-17 22:07:01.262292
STU0012,Iris Johnson,Grade 10,62.6,46.5,35.2,47.1,55.9,29.4,Average,2025-09-17 22:07:01.261008,2025-09-17 22:07:01.262292
STU0013,Fiona Gonzalez,Grade 11,71.7,76.4,54.0,54.8,57.6,40.6,Average,2025-09-17 22:07:01.261008,2025-09-17 22:07:01.262292
STU0014,Penelope Adams,Grade 9,28.3,16.1,15.0,20.0,16.8,10.0,Needs Support,2025-09-17 22:07:01.261008,2025-09-17 22:07:01.262292
STU0015,Olivia Wright,Grade 8,32.0,43.8,35.7,36.6,39.5,22.4,Needs Support,2025-09-17 22:07:01.261008,2025-09-17 22:07:01.262292
STU0016,Tyler Anderson,Grade 6,67.6,45.5,35.2,55.9,58.4,26.0,Average,2025-09-17 22:07:01.261008,2025-09-17 22:07:01.262292
STU0017,Weston Nguyen,Grade 9,44.1,22.5,26.2,43.8,38.4,25.0,Needs Support,2025-09-17 22:07:01.261008,2025-09-17 22:07:01.262292
STU0018,Jamie Phillips,Grade 12,62.7,36.6,32.0,36.7,36.2,10.0,Needs Support,2025-09-17 22:07:01.261008,2025-09-17 22:07:01.262292
STU0019,Zara Smith,Grade 8,42.7,33.1,15.0,45.2,41.8,10.0,Needs Support,2025-09-17 22:07:01.261008,2025-09-17 22:07:01.262292
STU0020,Sophia Phillips,Grade 7,54.8,39.3,49.9,36.7,48.1,17.2,Average,2025-09-17 22:07:01.261008,2025-09-17 22:07:01.262292
STU0021,Phoenix Hall,Grade 9,83.8,81.8,71.0,68.7,77.7,43.9,High Performer,2025-09-17 22:07:01.261008,2025-09-17 22:07:01.262292
STU0022,Vaughn Perez,Grade 7,71.0,39.7,37.6,62.5,53.2,67.3,Average,2025-09-17 22:07:01.261008,2025-09-17 22:07:01.262292
STU0023,Jamie Martinez,Grade 8,65.7,49.4,37.3,66.7,55.0,27.9,Average,2025-09-17 22:07:01.261008,2025-09-17 22:07:01.262292
STU0024,Drew Carter,Grade 12,53.2,59.7,38.2,34.7,51.7,18.2,Average,2025-09-17 22:07:01.261008,2025-09-17 22:07:01.262292
STU0025,Noah Miller,Grade 8,49.0,53.6,38.5,20.0,36.6,42.3,Needs Support,2025-09-17 22:07:01.261008,2025-09-17 22:07:01.262292
STU0026,Riley Harris,Grade 8,57.2,55.4,55.2,50.1,52.4,40.4,Average,2025-09-17 22:07:01.261008,2025-09-17 22:07:01.262292
STU0027,Avery Thompson,Grade 8,26.4,40.2,41.9,38.2,44.5,35.5,Needs Support,2025-09-17 22:07:01.261008,2025-09-17 22:07:01.262292
STU0028,Yara Thompson,Grade 10,81.2,59.4,61.4,80.0,70.1,44.5,High Performer,2025-09-17 22:07:01.261008,2025-09-17 22:07:01.262292
STU0029,Iris Taylor,Grade 11,63.1,50.1,35.2,55.3,50.0,51.9,Average,2025-09-17 22:07:01.261008,2025-09-17 22:07:01.262292
STU0030,Violet Williams,Grade 8,56.0,28.2,15.0,49.1,41.3,10.0,Needs Support,2025-09-17 22:07:01.261008,2025-09-17 22:07:01.262292
STU0031,Quinn Robinson,Grade 10,55.7,33.5,25.9,58.1,40.7,27.0,Needs Support,2025-09-17 22:07:01.261008,2025-09-17 22:07:01.262292
STU0032,Emma Davis,Grade 6,81.7,46.5,19.5,61.7,52.9,10.0,Average,2025-09-17 22:07:01.261008,2025-09-17 22:07:01.262292
STU0033,Reese Garcia,Grade 10,69.3,53.6,46.2,62.7,61.8,36.0,Average,2025-09-17 22:07:01.261008,2025-09-17 22:07:01.262292
STU0034,Fiona Jackson,Grade 7,39.4,35.1,26.1,38.3,37.1,10.0,Needs Support,2025-09-17 22:07:01.261008,2025-09-17 22:07:01.262292
STU0035,Xara Green,Grade 6,77.1,51.8,36.8,74.0,63.4,15.8,Average,2025-09-17 22:07:01.261008,2025-09-17 22:07:01.262292
STU0036,Julia White,Grade 7,52.1,55.1,28.1,66.3,54.4,12.4,Average,2025-09-17 22:07:01.261008,2025-09-17 22:07:01.262292
STU0037,Grace Gonzalez,Grade 11,66.2,36.5,34.3,59.5,50.2,35.2,Average,2025-09-17 22:07:01.261008,2025-09-17 22:07:01.262292
STU0038,Penelope Jones,Grade 9,35.2,15.0,15.0,20.9,26.5,22.8,Needs Support,2025-09-17 22:07:01.261008,2025-09-17 22:07:01.262292
STU0039,Taylor Nelson,Grade 9,49.3,35.4,15.0,43.4,38.6,10.0,Needs Support,2025-09-17 22:07:01.261008,2025-09-17 22:07:01.262292
STU0040,Emery Roberts,Grade 10,68.3,63.6,22.2,43.9,49.8,14.1,Average,2025-09-17 22:07:01.261008,2025-09-17 22:07:01.262292
STU0041,Kendall Garcia,Grade 12,91.3,84.3,65.9,71.4,77.7,26.1,High Performer,2025-09-17 22:07:01.261008,2025-09-17 22:07:01.262292
STU0042,Yara Anderson,Grade 7,63.5,45.3,54.0,50.7,54.9,13.5,Average,2025-09-17 22:07:01.261008,2025-09-17 22:07:01.262292
STU0043,Zara Miller,Grade 11,72.5,60.7,65.2,57.4,61.2,35.9,Average,2025-09-17 22:07:01.261008,2025-09-17 22:07:01.262292
STU0044,Reese Moore,Grade 9,77.0,45.4,31.7,66.7,59.7,14.4,Average,2025-09-17 22:07:01.261008,2025-09-17 22:07:01.262292
STU0045,Zion Green,Grade 11,20.0,27.3,15.0,20.0,28.1,47.9,Needs Support,2025-09-17 22:07:01.261008,2025-09-17 22:07:01.262292
STU0046,Xara White,Grade 11,48.2,43.3,44.4,53.3,41.4,34.3,Needs Support,2025-09-17 22:07:01.261008,2025-09-17 22:07:01.262292
STU0047,Phoenix White,Grade 9,67.7,52.0,31.6,57.6,60.1,10.0,Average,2025-09-17 22:07:01.261008,2025-09-17 22:07:01.262292
STU0048,Owen Wilson,Grade 9,84.2,41.2,36.0,71.5,60.5,13.1,Average,2025-09-17 22:07:01.261008,2025-09-17 22:07:01.262292
STU0049,Maya Moore,Grade 12,79.0,73.0,69.8,70.3,71.5,53.7,High Performer,2025-09-17 22:07:01.261008,2025-09-17 22:07:01.262292
STU0050,Olivia Baker,Grade 6,38.7,47.0,49.9,34.2,47.2,61.3,Average,2025-09-17 22:07:01.261008,2025-09-17 22:07:01.262292
STU0051,Luna Jones,Grade 6,75.6,44.9,34.9,70.8,53.0,10.0,Average,2025-09-17 22:07:01.261008,2025-09-17 22:07:01.262292
STU0052,Iris Green,Grade 8,63.0,49.7,37.7,46.6,46.8,10.0,Average,2025-09-17 22:07:01.261008,2025-09-17 22:07:01.262292
STU0053,Phoenix Wright,Grade 7,69.2,47.8,29.5,53.5,50.8,45.8,Average,2025-09-17 22:07:01.261008,2025-09-17 22:07:01.262292
STU0054,Quinn Thomas,Grade 9,81.2,58.6,38.6,66.6,59.8,29.0,Average,2025-09-17 22:07:01.261008,2025-09-17 22:07:01.262292
STU0055,Phoenix Robinson,Grade 11,94.1,55.9,43.7,69.3,73.1,11.2,High Performer,2025-09-17 22:07:01.261008,2025-09-17 22:07:01.262292
STU0056,Reese Moore,Grade 7,80.7,50.7,44.2,62.0,57.5,34.6,Average,2025-09-17 22:07:01.261008,2025-09-17 22:07:01.262292
STU0057,Katherine Hall,Grade 8,51.5,32.2,26.5,33.5,42.0,10.0,Needs Support,2025-09-17 22:07:01.261008,2025-09-17 22:07:01.262292
STU0058,Fiona Anderson,Grade 11,61.9,59.8,39.8,59.6,57.4,23.9,Average,2025-09-17 22:07:01.261008,2025-09-17 22:07:01.262292
STU0059,Nora Lee,Grade 10,78.1,59.0,62.1,68.5,62.2,42.2,Average,2025-09-17 22:07:01.261008,2025-09-17 22:07:01.262292
STU0060,Xara Roberts,Grade 8,81.3,54.8,41.1,70.6,62.8,38.5,Average,2025-09-17 22:07:01.261008,2025-09-17 22:07:01.262292
STU0061,Tessa Brown,Grade 9,65.1,53.2,42.4,62.2,58.9,10.2,Average,2025-09-17 22:07:01.261008,2025-09-17 22:07:01.262292
STU0062,Emery Evans,Grade 10,83.8,15.0,15.0,70.1,50.5,10.3,Average,2025-09-17 22:07:01.261008,2025-09-17 22:07:01.262292
STU0063,Taylor Phillips,Grade 10,60.4,51.2,16.7,54.4,47.5,10.0,Average,2025-09-17 22:07:01.261008,2025-09-17 22:07:01.262292
STU0064,Mason Sanchez,Grade 8,41.8,15.0,15.0,31.0,31.9,16.6,Needs Support,2025-09-17 22:07:01.261008,2025-09-17 22:07:01.262292
STU0065,Jamie Jones,Grade 9,91.8,53.2,49.9,80.2,64.6,16.5,Average,2025-09-17 22:07:01.261008,2025-09-17 22:07:01.262292
STU0066,Drew Torres,Grade 11,87.1,49.8,37.0,69.4,65.9,16.1,Average,2025-09-17 22:07:01.261008,2025-09-17 22:07:01.262292
STU0067,Penelope Lee,Grade 10,45.0,26.6,19.8,20.0,44.0,10.0,Needs Support,2025-09-17 22:07:01.261008,2025-09-17 22:07:01.262292
STU0068,Drew Adams,Grade 8,81.8,81.7,73.0,63.5,70.0,48.1,High Performer,2025-09-17 22:07:01.261008,2025-09-17 22:07:01.262292
STU0069,Bella Sanchez,Grade 8,60.5,47.2,22.1,62.8,52.0,26.2,Average,2025-09-17 22:07:01.261008,2025-09-17 22:07:01.262292
STU0070,Luna Robinson,Grade 11,57.5,46.4,31.8,56.3,53.2,15.6,Average,2025-09-17 22:07:01.261008,2025-09-17 22:07:01.262292
STU0071,River Taylor,Grade 9,75.6,52.2,49.7,72.0,58.3,30.4,Average,2025-09-17 22:07:01.261008,2025-09-17 22:07:01.262292
STU0072,Sage Thomas,Grade 8,100.0,71.8,50.4,100.0,90.0,10.0,High Performer,2025-09-17 22:07:01.261008,2025-09-17 22:07:01.262292
STU0073,Ruby Scott,Grade 8,72.1,49.5,42.6,62.0,59.7,21.0,Average,2025-09-17 22:07:01.261008,2025-09-17 22:07:01.262292
STU0074,Emma Taylor,Grade 8,95.1,53.8,31.6,87.0,74.8,15.1,High Performer,2025-09-17 22:07:01.261008,2025-09-17 22:07:01.262292
STU0075,Ruby Nguyen,Grade 7,27.1,22.7,31.0,20.7,28.5,58.2,Needs Support,2025-09-17 22:07:01.261008,2025-09-17 22:07:01.262292
STU0076,Vaughn Nguyen,Grade 6,64.6,51.7,41.0,52.4,62.7,10.0,Average,2025-09-17 22:07:01.261008,2025-09-17 22:07:01.262292
STU0077,Sawyer White,Grade 11,73.2,31.2,15.0,67.1,55.2,31.0,Average,2025-09-17 22:07:01.261008,2025-09-17 22:07:01.262292
STU0078,Emery Rodriguez,Grade 7,71.7,40.7,44.2,70.6,62.4,41.5,Average,2025-09-17 22:07:01.261008,2025-09-17 22:07:01.262292
STU0079,Chloe Young,Grade 8,59.5,68.0,47.0,49.5,56.9,32.4,Average,2025-09-17 22:07:01.261008,2025-09-17 22:07:01.262292
STU0080,Riley Carter,Grade 6,37.5,32.4,16.4,29.0,37.2,39.9,Needs Support,2025-09-17 22:07:01.261008,2025-09-17 22:07:01.262292
STU0081,Morgan Davis,Grade 11,69.4,42.5,36.0,59.0,60.2,27.2,Average,2025-09-17 22:07:01.261008,2025-09-17 22:07:01.262292
STU0082,River Green,Grade 10,72.0,48.6,50.3,66.0,61.9,36.0,Average,2025-09-17 22:07:01.261008,2025-09-17 22:07:01.262292
STU0083,Phoenix Gomez,Grade 12,97.2,60.7,38.4,71.1,60.5,22.2,Average,2025-09-17 22:07:01.261008,2025-09-17 22:07:01.262292
STU0084,Nora Ramirez,Grade 11,80.4,68.5,55.4,50.0,58.3,51.6,Average,2025-09-17 22:07:01.261008,2025-09-17 22:07:01.262292
STU0085,Iris Jones,Grade 7,59.3,45.1,40.4,46.0,47.8,40.7,Average,2025-09-17 22:07:01.261008,2025-09-17 22:07:01.262292
STU0086,Reese Harris,Grade 7,64.5,48.9,46.0,45.0,53.4,18.2,Average,2025-09-17 22:07:01.261008,2025-09-17 22:07:01.262292
STU0087,Iris Robinson,Grade 7,88.7,76.1,59.2,66.0,68.8,15.3,High Performer,2025-09-17 22:07:01.261008,2025-09-17 22:07:01.262292
STU0088,Diana Taylor,Grade 11,68.1,55.3,40.6,56.7,62.7,21.3,Average,2025-09-17 22:07:01.261008,2025-09-17 22:07:01.262292
STU0089,Fiona Smith,Grade 9,60.9,32.7,20.1,54.0,40.1,10.0,Needs Support,2025-09-17 22:07:01.261008,2025-09-17 22:07:01.262292
STU0090,Nora Campbell,Grade 8,70.9,52.0,42.5,71.8,62.4,24.5,Average,2025-09-17 22:07:01.261008,2025-09-17 22:07:01.262292
STU0091,Quinn Baker,Grade 11,72.0,49.2,28.6,63.8,47.2,35.7,Average,2025-09-17 22:07:01.261008,2025-09-17 22:07:01.262292
STU0092,Emma Carter,Grade 10,80.7,58.7,17.8,71.0,64.6,10.0,Average,2025-09-17 22:07:01.261008,2025-09-17 22:07:01.262292
STU0093,Jamie Roberts,Grade 12,63.3,50.4,44.7,58.8,55.2,26.1,Average,2025-09-17 22:07:01.261008,2025-09-17 22:07:01.262292
STU0094,Luna Perez,Grade 10,67.8,46.2,46.0,48.5,55.4,28.5,Average,2025-09-17 22:07:01.261008,2025-09-17 22:07:01.262292
STU0095,Quinn Jackson,Grade 10,72.4,53.7,19.3,69.9,53.0,24.3,Average,2025-09-17 22:07:01.261008,2025-09-17 22:07:01.262292
STU0096,Vaughn Hernandez,Grade 8,28.5,16.0,15.0,38.3,40.4,10.0,Needs Support,2025-09-17 22:07:01.261008,2025-09-17 22:07:01.262292
STU0097,Zion Smith,Grade 6,72.3,53.1,48.6,66.8,67.3,20.1,Average,2025-09-17 22:07:01.261008,2025-09-17 22:07:01.262292
STU0098,Quinn Campbell,Grade 12,66.1,27.8,42.8,47.6,51.1,28.8,Average,2025-09-17 22:07:01.261008,2025-09-17 22:07:01.262292
STU0099,Hayden Allen,Grade 7,66.5,60.0,48.2,44.1,54.2,46.9,Average,2025-09-17 22:07:01.261008,2025-09-17 22:07:01.262292
STU0100,Sophia Lopez,Grade 8,69.5,50.7,33.3,65.6,60.2,12.6,Average,2025-09-17 22:07:01.261008,2025-09-17 22:07:01.262292
STU0101,Chloe Miller,Grade 7,45.9,43.8,27.6,38.2,44.0,10.0,Needs Support,2025-09-17 22:07:01.261008,2025-09-17 22:07:01.262292
STU0102,Zara Green,Grade 8,49.7,15.0,15.0,32.7,41.5,24.7,Needs Support,2025-09-17 22:07:01.261008,2025-09-17 22:07:01.262292
STU0103,Logan Turner,Grade 7,74.2,75.8,51.0,60.3,70.1,20.4,High Performer,2025-09-17 22:07:01.261008,2025-09-17 22:07:01.262292
STU0104,Katherine Allen,Grade 8,68.8,38.9,23.1,67.5,58.7,10.0,Average,2025-09-17 22:07:01.261008,2025-09-17 22:07:01.262292
STU0105,Iris Gonzalez,Grade 6,70.9,60.6,43.7,50.7,53.7,16.8,Average,2025-09-17 22:07:01.261008,2025-09-17 22:07:01.262292
STU0106,River White,Grade 11,100.0,45.2,28.9,93.0,69.1,11.1,High Performer,2025-09-17 22:07:01.261008,2025-09-17 22:07:01.262292
STU0107,Sophia Hernandez,Grade 10,88.8,73.9,60.3,68.3,67.5,27.1,Average,2025-09-17 22:07:01.261008,2025-09-17 22:07:01.262292
STU0108,Emma Roberts,Grade 7,62.7,38.2,46.8,58.4,56.2,10.0,Average,2025-09-17 22:07:01.261008,2025-09-17 22:07:01.262292
STU0109,Diana Smith,Grade 8,59.6,44.2,38.6,48.1,51.1,36.6,Average,2025-09-17 22:07:01.261008,2025-09-17 22:07:01.262292
STU0110,Iris Lee,Grade 6,80.9,71.2,54.4,73.5,62.1,51.8,Average,2025-09-17 22:07:01.261008,2025-09-17 22:07:01.262292
STU0111,Bella Johnson,Grade 6,44.9,15.4,15.0,22.4,27.6,20.8,Needs Support,2025-09-17 22:07:01.261008,2025-09-17 22:07:01.262292
STU0112,Quinn White,Grade 10,69.2,51.3,25.4,57.5,51.9,10.0,Average,2025-09-17 22:07:01.261008,2025-09-17 22:07:01.262292
STU0113,Xara Phillips,Grade 8,73.1,60.1,56.9,62.5,62.6,31.1,Average,2025-09-17 22:07:01.261008,2025-09-17 22:07:01.262292
STU0114,Logan Thomas,Grade 11,86.0,72.4,57.2,65.1,65.2,34.2,Average,2025-09-17 22:07:01.261008,2025-09-17 22:07:01.262292
STU0115,Morgan Thomas,Grade 7,86.4,55.0,35.8,84.9,69.0,31.3,High Performer,2025-09-17 22:07:01.261008,2025-09-17 22:07:01.262292
STU0116,Grace Garcia,Grade 11,81.9,63.6,85.2,61.3,68.7,56.3,High Performer,2025-09-17 22:07:01.261008,2025-09-17 22:07:01.262292
STU0117,Riley Campbell,Grade 12,70.4,77.5,65.0,58.0,66.0,28.0,Average,2025-09-17 22:07:01.261008,2025-09-17 22:07:01.262292
STU0118,Bella Evans,Grade 12,51.3,30.8,15.0,39.1,37.6,14.0,Needs Support,2025-09-17 22:07:01.261008,2025-09-17 22:07:01.262292
STU0119,Casey Carter,Grade 9,97.4,70.6,51.0,56.5,71.6,34.7,High Performer,2025-09-17 22:07:01.261008,2025-09-17 22:07:01.262292
STU0120,Emma Roberts,Grade 6,85.7,71.5,81.8,72.9,81.2,62.1,High Performer,2025-09-17 22:07:01.261008,2025-09-17 22:07:01.262292
STU0121,Sage Rodriguez,Grade 12,81.8,74.7,69.5,88.1,70.9,45.1,High Performer,2025-09-17 22:07:01.261008,2025-09-17 22:07:01.262292
STU0122,Maya Walker,Grade 6,60.1,53.7,28.6,57.4,48.6,29.0,Average,2025-09-17 22:07:01.261008,2025-09-17 22:07:01.262292
STU0123,Fiona Hernandez,Grade 10,100.0,80.0,70.8,88.7,85.5,41.0,High Performer,2025-09-17 22:07:01.261008,2025-09-17 22:07:01.262292
STU0124,Hayden King,Grade 8,53.1,15.0,15.0,38.6,37.8,30.2,Needs Support,2025-09-17 22:07:01.261008,2025-09-17 22:07:01.262292
STU0125,Zara Hill,Grade 9,89.9,82.4,83.2,79.4,80.8,53.3,High Performer,2025-09-17 22:07:01.261008,2025-09-17 22:07:01.262292
STU0126,Vaughn Wilson,Grade 9,97.4,53.6,61.0,85.5,76.6,18.9,High Performer,2025-09-17 22:07:01.261008,2025-09-17 22:07:01.262292
STU0127,Emma Carter,Grade 9,35.4,37.4,24.8,20.0,28.1,38.6,Needs Support,2025-09-17 22:07:01.261008,2025-09-17 22:07:01.262292
STU0128,Quinn Hall,Grade 8,60.5,34.0,40.0,60.3,57.6,34.5,Average,2025-09-17 22:07:01.261008,2025-09-17 22:07:01.262292
STU0129,Cameron Rivera,Grade 7,71.9,49.3,40.1,66.9,59.9,17.4,Average,2025-09-17 22:07:01.261008,2025-09-17 22:07:01.262292
STU0130,Logan Sanchez,Grade 6,71.2,47.7,46.7,66.3,58.0,20.8,Average,2025-09-17 22:07:01.261008,2025-09-17 22:07:01.262292
STU0131,Maya Adams,Grade 8,23.4,29.6,18.9,22.0,33.2,24.9,Needs Support,2025-09-17 22:07:01.261008,2025-09-17 22:07:01.262292
STU0132,Parker Lewis,Grade 12,83.3,54.8,35.4,70.9,64.1,28.2,Average,2025-09-17 22:07:01.261008,2025-09-17 22:07:01.262292
STU0133,Diana Lewis,Grade 9,49.5,42.8,34.3,41.2,41.6,26.6,Needs Support,2025-09-17 22:07:01.261008,2025-09-17 22:07:01.262292
STU0134,Quinn Thomas,Grade 6,71.2,65.5,67.9,73.2,73.2,39.4,High Performer,2025-09-17 22:07:01.261008,2025-09-17 22:07:01.262292
STU0135,Emery Jones,Grade 12,39.4,25.2,15.0,30.0,38.5,41.0,Needs Support,2025-09-17 22:07:01.261008,2025-09-17 22:07:01.262292
STU0136,Noah Johnson,Grade 6,82.1,75.9,57.5,68.3,72.1,50.5,High Performer,2025-09-17 22:07:01.261008,2025-09-17 22:07:01.262292
STU0137,Hannah Scott,Grade 9,64.8,55.0,34.5,55.9,58.9,23.6,Average,2025-09-17 22:07:01.261008,2025-09-17 22:07:01.262292
STU0138,Emery Nguyen,Grade 9,65.8,30.9,28.9,68.3,47.1,31.5,Average,2025-09-17 22:07:01.261008,2025-09-17 22:07:01.262292
STU0139,Emery Smith,Grade 6,71.9,64.7,72.4,51.2,66.7,27.9,Average,2025-09-17 22:07:01.261008,2025-09-17 22:07:01.262292
STU0140,Casey Rivera,Grade 10,30.5,33.0,17.9,21.5,31.9,20.9,Needs Support,2025-09-17 22:07:01.261008,2025-09-17 22:07:01.262292
STU0141,Katherine Brown,Grade 11,70.7,47.8,38.5,61.4,61.1,50.2,Average,2025-09-17 22:07:01.261008,2025-09-17 22:07:01.262292
STU0142,Emery Jones,Grade 11,100.0,84.4,77.1,91.0,76.3,43.2,High Performer,2025-09-17 22:07:01.261008,2025-09-17 22:07:01.262292
STU0143,Taylor Perez,Grade 6,29.7,28.0,15.5,25.2,35.0,10.0,Needs Support,2025-09-17 22:07:01.261008,2025-09-17 22:07:01.262292
STU0144,Casey Allen,Grade 7,60.7,52.4,46.5,53.6,51.1,18.1,Average,2025-09-17 22:07:01.261008,2025-09-17 22:07:01.262292
STU0145,Finley Moore,Grade 7,71.9,49.7,29.1,59.4,57.3,10.0,Average,2025-09-17 22:07:01.261008,2025-09-17 22:07:01.262292
STU0146,Maya Young,Grade 12,82.8,68.1,53.3,82.5,71.6,18.3,High Performer,2025-09-17 22:07:01.261008,2025-09-17 22:07:01.262292
STU0147,Drew Wright,Grade 10,20.0,19.5,15.0,20.0,19.3,10.0,Needs Support,2025-09-17 22:07:01.261008,2025-09-17 22:07:01.262292
STU0148,Sage Campbell,Grade 8,38.7,21.2,15.0,25.6,30.5,10.0,Needs Support,2025-09-17 22:07:01.261008,2025-09-17 22:07:01.262292
STU0149,Grace Torres,Grade 6,77.5,75.8,77.5,72.3,70.2,42.7,High Performer,2025-09-17 22:07:01.261008,2025-09-17 22:07:01.262292
STU0150,Aria Thomas,Grade 7,80.0,42.0,59.5,54.9,56.3,49.2,Average,2025-09-17 22:07:01.261008,2025-09-17 22:07:01.262292
STU0151,Uma Walker,Grade 6,88.5,39.7,37.6,73.9,68.4,10.0,Average,2025-09-17 22:07:01.261008,2025-09-17 22:07:01.262292
STU0152,Violet Clark,Grade 10,84.2,26.8,24.7,84.9,59.2,37.6,Average,2025-09-17 22:07:01.261008,2025-09-17 22:07:01.262292
STU0153,Cameron Miller,Grade 12,49.4,29.4,21.7,47.4,30.2,25.2,Needs Support,2025-09-17 22:07:01.261008,2025-09-17 22:07:01.262292
STU0154,Avery Nelson,Grade 9,64.6,35.6,24.9,56.8,46.6,30.4,Average,2025-09-17 22:07:01.261008,2025-09-17 22:07:01.262292
STU0155,Vaughn Thompson,Grade 10,99.4,74.3,67.3,72.1,71.0,26.6,High Performer,2025-09-17 22:07:01.261008,2025-09-17 22:07:01.262292
STU0156,Vaughn Clark,Grade 10,50.2,41.8,33.5,42.6,42.2,36.8,Needs Support,2025-09-17 22:07:01.261008,2025-09-17 22:07:01.262292
STU0157,Zion Campbell,Grade 12,95.1,58.2,48.3,77.8,67.0,12.6,Average,2025-09-17 22:07:01.261008,2025-09-17 22:07:01.262292
STU0158,Morgan Baker,Grade 10,88.1,88.3,86.2,69.3,74.3,60.1,High Performer,2025-09-17 22:07:01.261008,2025-09-17 22:07:01.262292
STU0159,Luna Adams,Grade 7,53.7,48.3,28.6,55.9,54.9,19.7,Average,2025-09-17 22:07:01.261008,2025-09-17 22:07:01.262292
STU0160,Avery Brown,Grade 12,78.7,52.0,53.0,71.4,67.6,40.1,Average,2025-09-17 22:07:01.261008,2025-09-17 22:07:01.262292
STU0161,Sawyer Campbell,Grade 10,37.8,15.0,17.4,20.5,30.5,10.0,Needs Support,2025-09-17 22:07:01.261008,2025-09-17 22:07:01.262292
STU0162,Noah Phillips,Grade 9,76.9,85.1,68.0,76.3,76.1,26.5,High Performer,2025-09-17 22:07:01.261008,2025-09-17 22:07:01.262292
STU0163,Zara Miller,Grade 9,87.1,44.5,15.0,78.0,59.1,18.0,Average,2025-09-17 22:07:01.261008,2025-09-17 22:07:01.262292
STU0164,Finley Gonzalez,Grade 9,50.7,15.0,15.0,47.9,36.0,10.0,Needs Support,2025-09-17 22:07:01.261008,2025-09-17 22:07:01.262292
STU0165,Cameron Wright,Grade 8,80.6,74.5,68.1,86.0,70.0,49.0,High Performer,2025-09-17 22:07:01.261008,2025-09-17 22:07:01.262292
STU0166,Weston Rodriguez,Grade 12,77.0,82.6,65.9,57.4,61.3,19.0,Average,2025-09-17 22:07:01.261008,2025-09-17 22:07:01.262292
STU0167,Vaughn Lopez,Grade 10,80.3,74.2,49.4,61.8,65.4,42.4,Average,2025-09-17 22:07:01.261008,2025-09-17 22:07:01.262292
STU0168,Jamie Robinson,Grade 9,100.0,80.1,61.1,79.3,78.6,13.7,High Performer,2025-09-17 22:07:01.261008,2025-09-17 22:07:01.262292
STU0169,Finley Jones,Grade 8,38.5,45.6,39.7,22.7,45.0,39.0,Needs Support,2025-09-17 22:07:01.261008,2025-09-17 22:07:01.262292
STU0170,Weston Phillips,Grade 10,67.4,51.3,46.5,61.0,56.0,37.3,Average,2025-09-17 22:07:01.261008,2025-09-17 22:07:01.262292
STU0171,Zara Diaz,Grade 10,66.6,48.8,36.6,64.5,51.7,11.5,Average,2025-09-17 22:07:01.261008,2025-09-17 22:07:01.262292
STU0172,Fiona Miller,Grade 6,36.3,38.6,23.4,26.7,40.7,27.6,Needs Support,2025-09-17 22:07:01.261008,2025-09-17 22:07:01.262292
STU0173,Morgan Adams,Grade 10,66.1,49.4,35.6,53.6,46.3,25.3,Average,2025-09-17 22:07:01.261008,2025-09-17 22:07:01.262292
STU0174,Emma Turner,Grade 11,72.1,51.8,32.2,62.5,61.1,11.3,Average,2025-09-17 22:07:01.261008,2025-09-17 22:07:01.262292
STU0175,Alex Garcia,Grade 6,62.9,42.9,50.4,46.8,46.5,15.1,Average,2025-09-17 22:07:01.261008,2025-09-17 22:07:01.262292
STU0176,Sophia Diaz,Grade 12,76.2,54.3,40.2,81.5,62.4,10.0,Average,2025-09-17 22:07:01.261008,2025-09-17 22:07:01.262292
STU0177,Finley Hernandez,Grade 7,51.8,20.0,24.8,38.6,35.6,26.4,Needs Support,2025-09-17 22:07:01.261008,2025-09-17 22:07:01.262292
STU0178,Tyler Young,Grade 11,100.0,66.2,68.2,89.9,79.2,15.9,High Performer,2025-09-17 22:07:01.261008,2025-09-17 22:07:01.262292
STU0179,Aria Wilson,Grade 7,73.5,34.4,37.5,78.7,64.9,23.9,Average,2025-09-17 22:07:01.261008,2025-09-17 22:07:01.262292
STU0180,Zara Sanchez,Grade 8,100.0,57.5,37.2,93.2,76.4,19.0,High Performer,2025-09-17 22:07:01.261008,2025-09-17 22:07:01.262292
STU0181,Morgan Hernandez,Grade 11,86.4,65.0,55.7,71.6,73.3,40.3,High Performer,2025-09-17 22:07:01.261008,2025-09-17 22:07:01.262292
STU0182,Reese Smith,Grade 6,48.1,56.7,45.1,38.0,48.8,22.5,Average,2025-09-17 22:07:01.261008,2025-09-17 22:07:01.262292
STU0183,Reese Taylor,Grade 7,36.8,37.7,15.4,29.3,37.4,13.0,Needs Support,2025-09-17 22:07:01.261008,2025-09-17 22:07:01.262292
STU0184,Uma Gomez,Grade 7,81.2,35.2,31.4,80.0,60.0,29.8,Average,2025-09-17 22:07:01.261008,2025-09-17 22:07:01.262292
STU0185,Zion Jackson,Grade 7,51.3,33.2,15.0,25.0,32.5,14.6,Needs Support,2025-09-17 22:07:01.261008,2025-09-17 22:07:01.262292
STU0186,Vaughn Hall,Grade 10,97.7,74.1,73.5,87.8,85.1,44.4,High Performer,2025-09-17 22:07:01.261008,2025-09-17 22:07:01.262292
STU0187,Quinn Gomez,Grade 6,75.2,42.2,29.1,52.5,46.6,24.5,Average,2025-09-17 22:07:01.261008,2025-09-17 22:07:01.262292
STU0188,Fiona Nelson,Grade 7,65.9,45.5,38.4,53.9,57.2,10.0,Average,2025-09-17 22:07:01.261008,2025-09-17 22:07:01.262292
STU0189,Penelope Young,Grade 6,63.0,46.7,40.2,50.1,55.8,35.5,Average,2025-09-17 22:07:01.261008,2025-09-17 22:07:01.262292
STU0190,River Gonzalez,Grade 9,50.8,21.5,15.0,47.9,46.1,18.2,Average,2025-09-17 22:07:01.261008,2025-09-17 22:07:01.262292
STU0191,Kendall Wilson,Grade 9,62.0,36.4,33.1,27.8,45.2,10.1,Needs Support,2025-09-17 22:07:01.261008,2025-09-17 22:07:01.262292
STU0192,Morgan Nguyen,Grade 11,100.0,47.8,33.5,85.8,70.0,13.6,High Performer,2025-09-17 22:07:01.261008,2025-09-17 22:07:01.262292
STU0193,Ruby Wright,Grade 10,71.6,48.0,47.6,79.8,69.7,25.8,High Performer,2025-09-17 22:07:01.261008,2025-09-17 22:07:01.262292
STU0194,Morgan Mitchell,Grade 9,49.9,28.0,16.4,28.8,36.5,10.0,Needs Support,2025-09-17 22:07:01.261008,2025-09-17 22:07:01.262292
STU0195,Mason Brown,Grade 8,77.3,31.7,26.6,67.3,47.4,21.0,Average,2025-09-17 22:07:01.261008,2025-09-17 22:07:01.262292
STU0196,Morgan Nguyen,Grade 6,73.3,58.3,66.1,57.0,54.6,61.1,Average,2025-09-17 22:07:01.261008,2025-09-17 22:07:01.262292
STU0197,Aria Allen,Grade 7,59.4,39.5,21.6,53.9,49.7,29.2,Average,2025-09-17 22:07:01.261008,2025-09-17 22:07:01.262292
STU0198,Yara King,Grade 8,50.6,50.9,41.5,51.3,44.5,10.0,Needs Support,2025-09-17 22:07:01.261008,2025-09-17 22:07:01.262292
STU0199,Phoenix Brown,Grade 11,78.3,52.3,47.0,61.4,59.9,37.5,Average,2025-09-17 22:07:01.261008,2025-09-17 22:07:01.262292
STU0200,Chloe Garcia,Grade 8,51.4,53.4,44.5,47.6,51.4,46.6,Average,2025-09-17 22:07:01.261008,2025-09-17 22:07:01.262292
STU0201,Yara Lopez,Grade 11,71.2,54.3,46.9,74.9,65.0,34.0,Average,2025-09-17 22:07:01.261008,2025-09-17 22:07:01.262292
STU0202,Casey Hill,Grade 12,89.4,55.8,49.2,78.4,68.7,43.2,High Performer,2025-09-17 22:07:01.261008,2025-09-17 22:07:01.262292
STU0203,Casey Baker,Grade 9,85.5,66.5,59.7,76.4,71.1,63.7,High Performer,2025-09-17 22:07:01.261008,2025-09-17 22:07:01.262292
STU0204,Zara Thomas,Grade 6,79.1,73.0,65.3,57.1,70.8,54.0,High Performer,2025-09-17 22:07:01.261008,2025-09-17 22:07:01.262292
STU0205,Sawyer Davis,Grade 11,26.7,24.3,22.6,20.0,26.9,23.1,Needs Support,2025-09-17 22:07:01.261008,2025-09-17 22:07:01.262292
STU0206,Grace Thomas,Grade 7,51.1,20.4,21.7,38.7,45.3,33.3,Needs Support,2025-09-17 22:07:01.261008,2025-09-17 22:07:01.262292
STU0207,Hannah Hill,Grade 8,67.5,46.0,43.5,69.2,55.1,28.3,Average,2025-09-17 22:07:01.261008,2025-09-17 22:07:01.262292
STU0208,Taylor Flores,Grade 12,97.7,49.9,59.0,84.0,76.4,34.0,High Performer,2025-09-17 22:07:01.261008,2025-09-17 22:07:01.262292
STU0209,Riley Clark,Grade 12,61.1,37.6,28.7,49.4,50.9,12.0,Average,2025-09-17 22:07:01.261008,2025-09-17 22:07:01.262292
STU0210,Maya Nguyen,Grade 11,100.0,91.9,66.8,87.9,87.3,59.6,High Performer,2025-09-17 22:07:01.261008,2025-09-17 22:07:01.262292
STU0211,Grace King,Grade 10,80.3,40.1,43.1,58.2,64.1,13.6,Average,2025-09-17 22:07:01.261008,2025-09-17 22:07:01.262292
STU0212,Mason Taylor,Grade 11,86.3,52.6,40.9,78.2,62.1,47.5,Average,2025-09-17 22:07:01.261008,2025-09-17 22:07:01.262292
STU0213,Drew Nelson,Grade 12,80.0,50.4,18.6,75.0,68.6,18.7,Average,2025-09-17 22:07:01.261008,2025-09-17 22:07:01.262292
STU0214,Penelope Lee,Grade 7,90.6,68.6,67.7,74.8,78.2,16.1,High Performer,2025-09-17 22:07:01.261008,2025-09-17 22:07:01.262292
STU0215,Finley Taylor,Grade 9,65.0,42.2,28.4,51.5,52.7,22.5,Average,2025-09-17 22:07:01.261008,2025-09-17 22:07:01.262292
STU0216,Sawyer Rodriguez,Grade 6,92.0,76.8,62.2,79.7,85.3,10.0,High Performer,2025-09-17 22:07:01.261008,2025-09-17 22:07:01.262292
STU0217,Maya Adams,Grade 10,52.4,25.2,23.6,37.0,36.1,27.1,Needs Support,2025-09-17 22:07:01.261008,2025-09-17 22:07:01.262292
STU0218,Logan Robinson,Grade 7,67.7,49.9,41.8,57.0,53.1,38.4,Average,2025-09-17 22:07:01.261008,2025-09-17 22:07:01.262292
STU0219,Mason Carter,Grade 11,59.8,33.9,34.2,67.6,48.2,11.6,Average,2025-09-17 22:07:01.261008,2025-09-17 22:07:01.262292
STU0220,Casey Smith,Grade 7,70.8,75.6,56.1,58.2,68.6,35.5,Average,2025-09-17 22:07:01.261008,2025-09-17 22:07:01.262292
STU0221,Zion Flores,Grade 8,97.5,52.2,46.9,80.0,67.8,57.5,Average,2025-09-17 22:07:01.261008,2025-09-17 22:07:01.262292
STU0222,Grace Miller,Grade 12,25.4,23.5,15.0,20.0,29.7,10.0,Needs Support,2025-09-17 22:07:01.261008,2025-09-17 22:07:01.262292
STU0223,Casey Wright,Grade 7,78.6,66.4,60.5,74.9,71.7,19.2,High Performer,2025-09-17 22:07:01.261008,2025-09-17 22:07:01.262292
STU0224,Drew Allen,Grade 6,51.8,37.0,35.8,42.5,46.3,43.7,Average,2025-09-17 22:07:01.261008,2025-09-17 22:07:01.262292
STU0225,Hayden Rodriguez,Grade 6,64.3,41.8,24.1,49.4,48.7,43.9,Average,2025-09-17 22:07:01.261008,2025-09-17 22:07:01.262292
STU0226,Owen Jones,Grade 7,90.8,60.5,62.4,90.2,68.7,34.8,High Performer,2025-09-17 22:07:01.261008,2025-09-17 22:07:01.262292
STU0227,Finley White,Grade 12,71.1,50.2,34.8,71.8,55.6,36.1,Average,2025-09-17 22:07:01.261008,2025-09-17 22:07:01.262292
STU0228,Kendall Hernandez,Grade 8,56.6,35.9,36.8,43.3,50.8,42.2,Average,2025-09-17 22:07:01.261008,2025-09-17 22:07:01.262292
STU0229,Weston Turner,Grade 10,55.0,53.1,46.1,31.8,49.8,16.5,Average,2025-09-17 22:07:01.261008,2025-09-17 22:07:01.262292
STU0230,Emma Rivera,Grade 11,81.0,88.4,83.0,79.2,76.7,43.4,High Performer,2025-09-17 22:07:01.261008,2025-09-17 22:07:01.262292
STU0231,Logan Flores,Grade 12,50.6,29.6,17.7,33.7,41.9,33.8,Needs Support,2025-09-17 22:07:01.261008,2025-09-17 22:07:01.262292
STU0232,Violet Adams,Grade 10,60.8,26.1,15.0,53.1,39.9,39.9,Needs Support,2025-09-17 22:07:01.261008,2025-09-17 22:07:01.262292
STU0233,Diana Smith,Grade 8,73.9,48.4,38.5,47.1,48.4,31.6,Average,2025-09-17 22:07:01.261008,2025-09-17 22:07:01.262292
STU0234,Maya Evans,Grade 9,46.6,73.1,55.5,46.8,63.3,20.1,Average,2025-09-17 22:07:01.261008,2025-09-17 22:07:01.262292
STU0235,Fiona Martin,Grade 6,100.0,56.9,53.5,75.3,68.3,61.9,Average,2025-09-17 22:07:01.261008,2025-09-17 22:07:01.262292
STU0236,Maya Miller,Grade 9,92.7,81.0,49.6,80.3,72.8,18.5,High Performer,2025-09-17 22:07:01.261008,2025-09-17 22:07:01.262292
STU0237,Sage Taylor,Grade 11,24.9,38.0,19.4,26.7,43.3,11.6,Needs Support,2025-09-17 22:07:01.261008,2025-09-17 22:07:01.262292
STU0238,Quinn Miller,Grade 8,80.7,44.3,24.8,60.9,50.0,20.0,Average,2025-09-17 22:07:01.261008,2025-09-17 22:07:01.262292
STU0239,Ruby Scott,Grade 11,73.4,48.9,48.6,59.1,60.2,52.5,Average,2025-09-17 22:07:01.261008,2025-09-17 22:07:01.262292
STU0240,River Moore,Grade 9,92.6,84.8,88.4,87.3,88.1,60.3,High Performer,2025-09-17 22:07:01.261008,2025-09-17 22:07:01.262292
STU0241,Kendall Hill,Grade 8,33.1,27.3,22.8,34.1,37.2,22.9,Needs Support,2025-09-17 22:07:01.261008,2025-09-17 22:07:01.262292
STU0242,Drew Rivera,Grade 10,58.0,45.4,34.6,54.0,63.9,27.7,Average,2025-09-17 22:07:01.261008,2025-09-17 22:07:01.262292
STU0243,Noah Wilson,Grade 10,72.6,47.3,38.6,77.5,53.9,23.8,Average,2025-09-17 22:07:01.261008,2025-09-17 22:07:01.262292
STU0244,Nora Green,Grade 9,83.2,45.9,48.3,58.2,66.6,37.4,Average,2025-09-17 22:07:01.261008,2025-09-17 22:07:01.262292
STU0245,Yara Taylor,Grade 9,50.5,24.7,15.0,51.7,42.9,10.0,Needs Support,2025-09-17 22:07:01.261008,2025-09-17 22:07:01.262292
STU0246,Chloe Young,Grade 6,59.2,30.8,27.0,51.1,48.5,11.8,Average,2025-09-17 22:07:01.261008,2025-09-17 22:07:01.262292
STU0247,Hayden Diaz,Grade 10,64.4,44.4,45.3,47.5,53.7,30.8,Average,2025-09-17 22:07:01.261008,2025-09-17 22:07:01.262292
STU0248,Morgan Garcia,Grade 6,48.6,24.1,24.2,23.2,36.0,10.0,Needs Support,2025-09-17 22:07:01.261008,2025-09-17 22:07:01.262292
STU0249,Katherine Ramirez,Grade 9,95.0,73.0,57.9,75.8,76.0,40.2,High Performer,2025-09-17 22:07:01.261008,2025-09-17 22:07:01.262292
STU0250,Xara Moore,Grade 11,57.2,20.7,27.6,57.8,43.3,19.5,Needs Support,2025-09-17 22:07:01.261008,2025-09-17 22:07:01.262292
STU0251,Taylor Smith,Grade 8,36.7,29.9,15.0,22.4,37.9,35.3,Needs Support,2025-09-17 22:07:01.261008,2025-09-17 22:07:01.262292
STU0252,Noah Roberts,Grade 10,76.4,74.9,64.9,77.5,71.7,60.6,High Performer,2025-09-17 22:07:01.261008,2025-09-17 22:07:01.262292
STU0253,Sage Green,Grade 8,87.2,42.6,27.5,62.5,62.1,10.0,Average,2025-09-17 22:07:01.261008,2025-09-17 22:07:01.262292
STU0254,Hayden Hernandez,Grade 6,94.2,71.0,39.1,86.2,76.9,17.6,High Performer,2025-09-17 22:07:01.261008,2025-09-17 22:07:01.262292
STU0255,Ruby Lewis,Grade 6,27.1,35.9,37.9,20.0,39.0,24.9,Needs Support,2025-09-17 22:07:01.261008,2025-09-17 22:07:01.262292
STU0256,Fiona Rivera,Grade 7,83.8,29.4,37.3,74.1,61.5,15.6,Average,2025-09-17 22:07:01.261008,2025-09-17 22:07:01.262292
STU0257,Vaughn Scott,Grade 11,99.0,88.7,73.3,95.0,78.7,41.6,High Performer,2025-09-17 22:07:01.261008,2025-09-17 22:07:01.262292
STU0258,Alex Davis,Grade 12,60.9,46.6,46.8,48.4,47.9,16.7,Average,2025-09-17 22:07:01.261008,2025-09-17 22:07:01.262292
STU0259,Casey Hall,Grade 12,69.8,45.2,52.3,38.5,57.9,14.4,Average,2025-09-17 22:07:01.261008,2025-09-17 22:07:01.262292
STU0260,River Wright,Grade 10,99.8,59.0,62.0,77.4,79.0,44.3,High Performer,2025-09-17 22:07:01.261008,2025-09-17 22:07:01.262292
STU0261,Taylor Turner,Grade 10,51.5,46.0,53.2,47.3,48.3,41.3,Average,2025-09-17 22:07:01.261008,2025-09-17 22:07:01.262292
STU0262,Parker Nguyen,Grade 6,70.1,49.3,46.9,62.8,59.3,16.0,Average,2025-09-17 22:07:01.261008,2025-09-17 22:07:01.262292
STU0263,Fiona Martinez,Grade 12,33.1,15.0,15.0,41.0,29.5,24.2,Needs Support,2025-09-17 22:07:01.261008,2025-09-17 22:07:01.262292
STU0264,Vaughn Rodriguez,Grade 11,48.8,16.2,15.0,25.2,41.6,10.0,Needs Support,2025-09-17 22:07:01.261008,2025-09-17 22:07:01.262292
STU0265,Taylor Martin,Grade 12,75.4,48.4,36.2,69.5,63.7,25.5,Average,2025-09-17 22:07:01.261008,2025-09-17 22:07:01.262292
STU0266,Parker Gomez,Grade 8,30.1,15.0,15.0,41.5,44.7,21.3,Needs Support,2025-09-17 22:07:01.261008,2025-09-17 22:07:01.262292
STU0267,Zara Williams,Grade 10,93.7,70.3,76.5,69.8,71.3,43.6,High Performer,2025-09-17 22:07:01.261008,2025-09-17 22:07:01.262292
STU0268,Owen Wilson,Grade 6,54.5,18.9,15.0,44.8,41.7,16.9,Needs Support,2025-09-17 22:07:01.261008,2025-09-17 22:07:01.262292
STU0269,Nora Thomas,Grade 12,47.3,26.3,29.0,38.8,45.4,10.1,Needs Support,2025-09-17 22:07:01.261008,2025-09-17 22:07:01.262292
STU0270,Maya Miller,Grade 12,91.4,71.3,56.8,77.4,75.6,31.7,High Performer,2025-09-17 22:07:01.261008,2025-09-17 22:07:01.262292
STU0271,Owen Roberts,Grade 7,100.0,82.3,67.5,86.3,81.6,34.2,High Performer,2025-09-17 22:07:01.261008,2025-09-17 22:07:01.262292
STU0272,Fiona Clark,Grade 9,38.4,37.2,43.7,25.7,37.1,18.8,Needs Support,2025-09-17 22:07:01.261008,2025-09-17 22:07:01.262292
STU0273,Julia Mitchell,Grade 10,97.9,46.8,43.4,80.0,70.2,16.7,High Performer,2025-09-17 22:07:01.261008,2025-09-17 22:07:01.262292
STU0274,River Thomas,Grade 11,77.9,45.3,38.2,66.5,63.6,10.0,Average,2025-09-17 22:07:01.261008,2025-09-17 22:07:01.262292
STU0275,Zara Hernandez,Grade 9,50.8,47.8,24.0,32.5,43.9,13.7,Needs Support,2025-09-17 22:07:01.261008,2025-09-17 22:07:01.262292
STU0276,Violet Phillips,Grade 8,64.4,55.6,31.2,46.0,57.3,14.5,Average,2025-09-17 22:07:01.261008,2025-09-17 22:07:01.262292
STU0277,Blake Clark,Grade 7,71.8,84.4,62.9,65.4,71.9,30.4,High Performer,2025-09-17 22:07:01.261008,2025-09-17 22:07:01.262292
STU0278,Jordan Lopez,Grade 10,59.0,47.4,37.6,41.0,47.7,18.9,Average,2025-09-17 22:07:01.261008,2025-09-17 22:07:01.262292
STU0279,Ruby Perez,Grade 9,70.5,52.0,37.3,65.2,59.0,21.5,Average,2025-09-17 22:07:01.261008,2025-09-17 22:07:01.262292
STU0280,Uma Clark,Grade 11,69.2,41.2,26.1,62.5,55.7,22.8,Average,2025-09-17 22:07:01.261008,2025-09-17 22:07:01.262292
STU0281,Violet Nelson,Grade 12,73.1,51.8,27.4,48.3,48.0,29.5,Average,2025-09-17 22:07:01.261008,2025-09-17 22:07:01.262292
STU0282,Zara Mitchell,Grade 9,69.2,54.1,42.5,53.4,56.3,15.7,Average,2025-09-17 22:07:01.261008,2025-09-17 22:07:01.262292
STU0283,Violet Thomas,Grade 6,97.9,85.8,49.2,96.3,69.5,10.0,High Performer,2025-09-17 22:07:01.261008,2025-09-17 22:07:01.262292
STU0284,Jamie Hernandez,Grade 9,56.3,47.5,45.6,40.0,51.9,11.7,Average,2025-09-17 22:07:01.261008,2025-09-17 22:07:01.262292
STU0285,Uma Hall,Grade 8,99.5,57.1,46.5,80.8,67.0,20.6,Average,2025-09-17 22:07:01.261008,2025-09-17 22:07:01.262292
STU0286,Avery Harris,Grade 9,40.1,15.0,15.0,36.5,42.0,10.0,Needs Support,2025-09-17 22:07:01.261008,2025-09-17 22:07:01.262292
STU0287,Zara Williams,Grade 8,74.4,25.4,17.2,69.5,50.0,10.0,Average,2025-09-17 22:07:01.261008,2025-09-17 22:07:01.262292
STU0288,Yara Walker,Grade 8,82.5,61.3,41.5,68.1,64.7,10.0,Average,2025-09-17 22:07:01.261008,2025-09-17 22:07:01.262292
STU0289,Emery Gonzalez,Grade 11,73.7,38.7,34.2,57.8,50.9,13.7,Average,2025-09-17 22:07:01.261008,2025-09-17 22:07:01.262292
STU0290,Willow Robinson,Grade 6,46.9,15.0,19.7,51.6,36.9,18.7,Needs Support,2025-09-17 22:07:01.261008,2025-09-17 22:07:01.262292
STU0291,Owen Martin,Grade 12,70.3,51.5,22.4,73.7,65.1,22.4,Average,2025-09-17 22:07:01.261008,2025-09-17 22:07:01.262292
STU0292,Willow Gomez,Grade 7,64.3,73.7,60.1,62.5,52.4,27.7,Average,2025-09-17 22:07:01.261008,2025-09-17 22:07:01.262292
STU0293,Zara Anderson,Grade 8,63.3,42.7,32.6,54.5,56.8,13.4,Average,2025-09-17 22:07:01.261008,2025-09-17 22:07:01.262292
STU0294,Emery Johnson,Grade 9,72.5,68.0,61.1,55.2,65.8,22.8,Average,2025-09-17 22:07:01.261008,2025-09-17 22:07:01.262292
STU0295,Maya Gonzalez,Grade 11,66.7,53.7,45.1,50.1,48.8,26.6,Average,2025-09-17 22:07:01.261008,2025-09-17 22:07:01.262292
STU0296,Sawyer Perez,Grade 9,68.0,40.5,24.9,62.0,46.7,10.0,Average,2025-09-17 22:07:01.261008,2025-09-17 22:07:01.262292
STU0297,Jamie Jones,Grade 8,88.9,73.4,58.4,77.7,79.9,40.0,High Performer,2025-09-17 22:07:01.261008,2025-09-17 22:07:01.262292
STU0298,Tessa Moore,Grade 11,80.1,48.7,31.0,79.3,59.0,10.0,Average,2025-09-17 22:07:01.261008,2025-09-17 22:07:01.262292
STU0299,Owen Adams,Grade 9,82.4,60.7,59.4,75.3,65.6,30.2,Average,2025-09-17 22:07:01.261008,2025-09-17 22:07:01.262292
STU0300,Chloe Sanchez,Grade 12,79.7,59.5,47.8,55.7,67.8,33.2,Average,2025-09-17 22:07:01.261008,2025-09-17 22:07:01.262292
STU0301,Nora Turner,Grade 12,65.1,32.3,44.8,63.7,55.8,29.7,Average,2025-09-17 22:07:01.261008,2025-09-17 22:07:01.262292
STU0302,Emma Perez,Grade 10,41.4,51.8,31.5,37.3,44.5,66.4,Needs Support,2025-09-17 22:07:01.261008,2025-09-17 22:07:01.262292
STU0303,Jordan Davis,Grade 6,82.0,54.7,36.7,66.6,64.0,27.3,Average,2025-09-17 22:07:01.261008,2025-09-17 22:07:01.262292
STU0304,Hayden Lopez,Grade 9,75.5,46.3,21.9,66.1,51.0,10.0,Average,2025-09-17 22:07:01.261008,2025-09-17 22:07:01.262292
STU0305,Hannah Taylor,Grade 6,66.2,55.2,26.1,72.2,63.3,14.3,Average,2025-09-17 22:07:01.261008,2025-09-17 22:07:01.262292
STU0306,Taylor Miller,Grade 8,69.3,39.5,15.7,83.8,62.3,10.0,Average,2025-09-17 22:07:01.261008,2025-09-17 22:07:01.262292
STU0307,Iris Ramirez,Grade 8,93.7,65.6,57.8,84.8,77.7,30.5,High Performer,2025-09-17 22:07:01.261008,2025-09-17 22:07:01.262292
STU0308,Owen Campbell,Grade 8,57.3,42.7,39.2,47.2,49.6,11.0,Average,2025-09-17 22:07:01.261008,2025-09-17 22:07:01.262292
STU0309,Uma Lee,Grade 6,86.7,73.9,41.0,84.3,80.3,36.8,High Performer,2025-09-17 22:07:01.261008,2025-09-17 22:07:01.262292
STU0310,Vaughn Hill,Grade 12,59.8,52.6,51.0,57.9,56.0,22.4,Average,2025-09-17 22:07:01.261008,2025-09-17 22:07:01.262292
STU0311,Chloe Davis,Grade 9,52.1,34.2,27.1,41.2,45.3,17.6,Needs Support,2025-09-17 22:07:01.261008,2025-09-17 22:07:01.262292
STU0312,Reese Torres,Grade 12,91.5,76.3,65.2,89.2,78.2,25.1,High Performer,2025-09-17 22:07:01.261008,2025-09-17 22:07:01.262292
STU0313,Cameron Taylor,Grade 10,100.0,82.9,81.3,85.6,93.1,71.4,High Performer,2025-09-17 22:07:01.261008,2025-09-17 22:07:01.262292
STU0314,Taylor Rivera,Grade 12,83.8,64.2,60.4,75.2,67.5,31.4,Average,2025-09-17 22:07:01.261008,2025-09-17 22:07:01.262292
STU0315,Vaughn Smith,Grade 6,100.0,64.1,52.6,91.3,76.2,56.0,High Performer,2025-09-17 22:07:01.261008,2025-09-17 22:07:01.262292
STU0316,Diana Phillips,Grade 11,58.4,33.5,17.9,53.0,45.8,22.9,Average,2025-09-17 22:07:01.261008,2025-09-17 22:07:01.262292
STU0317,Emma Baker,Grade 12,82.4,43.4,15.0,76.7,59.1,16.2,Average,2025-09-17 22:07:01.261008,2025-09-17 22:07:01.262292
STU0318,Quinn Mitchell,Grade 10,72.5,42.1,26.5,56.7,47.5,21.4,Average,2025-09-17 22:07:01.261008,2025-09-17 22:07:01.262292
STU0319,Ruby Nelson,Grade 9,75.5,45.1,34.0,59.7,62.0,26.3,Average,2025-09-17 22:07:01.261008,2025-09-17 22:07:01.262292
STU0320,Cameron White,Grade 9,76.6,45.4,26.4,56.3,65.8,10.0,Average,2025-09-17 22:07:01.261008,2025-09-17 22:07:01.262292
STU0321,Vaughn Jones,Grade 6,67.3,50.7,39.2,60.7,57.4,19.4,Average,2025-09-17 22:07:01.261008,2025-09-17 22:07:01.262292
STU0322,Maya Perez,Grade 7,95.9,68.8,52.1,88.9,69.7,42.7,High Performer,2025-09-17 22:07:01.261008,2025-09-17 22:07:01.262292
STU0323,Julia Lee,Grade 10,76.1,39.6,29.4,68.4,49.4,16.9,Average,2025-09-17 22:07:01.261008,2025-09-17 22:07:01.262292
STU0324,Maya Diaz,Grade 8,100.0,79.1,60.3,100.0,81.2,10.0,High Performer,2025-09-17 22:07:01.261008,2025-09-17 22:07:01.262292
STU0325,Quinn Campbell,Grade 10,51.3,39.2,33.1,43.6,48.5,19.0,Average,2025-09-17 22:07:01.261008,2025-09-17 22:07:01.262292
STU0326,Logan Allen,Grade 12,57.0,15.0,15.0,51.8,45.5,35.4,Needs Support,2025-09-17 22:07:01.261008,2025-09-17 22:07:01.262292
STU0327,Logan Nelson,Grade 9,100.0,49.9,29.0,76.3,68.6,36.1,Average,2025-09-17 22:07:01.261008,2025-09-17 22:07:01.262292
STU0328,Tyler Lee,Grade 11,77.7,55.6,58.6,62.9,62.1,34.2,Average,2025-09-17 22:07:01.261008,2025-09-17 22:07:01.262292
STU0329,Sawyer Hall,Grade 9,76.0,41.0,31.8,70.2,53.0,33.4,Average,2025-09-17 22:07:01.261008,2025-09-17 22:07:01.262292
STU0330,Kendall Scott,Grade 12,82.8,67.4,57.4,77.8,71.7,24.8,High Performer,2025-09-17 22:07:01.261008,2025-09-17 22:07:01.262292
STU0331,Sage Gonzalez,Grade 6,59.1,67.2,60.9,47.8,62.3,11.0,Average,2025-09-17 22:07:01.261008,2025-09-17 22:07:01.262292
STU0332,Tyler Nelson,Grade 7,45.6,49.0,38.3,35.3,39.4,13.6,Needs Support,2025-09-17 22:07:01.261008,2025-09-17 22:07:01.262292
STU0333,Reese Baker,Grade 8,63.1,47.2,47.3,41.5,58.2,51.8,Average,2025-09-17 22:07:01.261008,2025-09-17 22:07:01.262292
STU0334,Ruby Lopez,Grade 10,53.7,59.8,50.7,42.8,53.9,26.3,Average,2025-09-17 22:07:01.261008,2025-09-17 22:07:01.262292
STU0335,Julia Torres,Grade 7,92.1,67.0,46.0,86.8,76.7,22.0,High Performer,2025-09-17 22:07:01.261008,2025-09-17 22:07:01.262292
STU0336,Logan Sanchez,Grade 8,69.7,43.4,38.3,63.8,49.7,18.5,Average,2025-09-17 22:07:01.261008,2025-09-17 22:07:01.262292
STU0337,Fiona Turner,Grade 9,60.6,31.1,15.0,61.0,42.8,37.6,Needs Support,2025-09-17 22:07:01.261008,2025-09-17 22:07:01.262292
STU0338,Alex Martin,Grade 11,57.2,42.0,34.7,49.0,46.5,45.2,Average,2025-09-17 22:07:01.261008,2025-09-17 22:07:01.262292
STU0339,Kendall Wilson,Grade 9,84.1,48.7,38.6,71.5,66.6,56.4,Average,2025-09-17 22:07:01.261008,2025-09-17 22:07:01.262292
STU0340,Vaughn Gomez,Grade 6,59.8,45.1,34.0,45.6,56.4,18.0,Average,2025-09-17 22:07:01.261008,2025-09-17 22:07:01.262292
STU0341,Hannah Hill,Grade 6,57.3,42.3,32.5,54.3,52.0,24.0,Average,2025-09-17 22:07:01.261008,2025-09-17 22:07:01.262292
STU0342,Luna Lee,Grade 11,79.1,51.6,22.5,70.6,58.5,10.0,Average,2025-09-17 22:07:01.261008,2025-09-17 22:07:01.262292
STU0343,Zion Lewis,Grade 10,64.7,56.8,40.0,58.9,51.3,46.1,Average,2025-09-17 22:07:01.261008,2025-09-17 22:07:01.262292
STU0344,Weston Baker,Grade 12,65.5,58.0,47.3,51.4,62.3,10.9,Average,2025-09-17 22:07:01.261008,2025-09-17 22:07:01.262292
STU0345,Drew Allen,Grade 7,64.3,55.4,46.0,37.4,46.0,30.8,Average,2025-09-17 22:07:01.261008,2025-09-17 22:07:01.262292
STU0346,Aria Gomez,Grade 11,77.4,33.6,16.6,74.6,63.8,10.0,Average,2025-09-17 22:07:01.261008,2025-09-17 22:07:01.262292
STU0347,Uma Mitchell,Grade 7,42.2,15.0,20.5,35.5,33.4,10.0,Needs Support,2025-09-17 22:07:01.261008,2025-09-17 22:07:01.262292
STU0348,Phoenix Nelson,Grade 8,68.5,45.4,27.7,51.3,58.5,10.0,Average,2025-09-17 22:07:01.261008,2025-09-17 22:07:01.262292
STU0349,Riley Jackson,Grade 10,54.1,25.1,29.7,51.6,46.1,10.0,Average,2025-09-17 22:07:01.261008,2025-09-17 22:07:01.262292
STU0350,Chloe Nelson,Grade 6,62.6,44.1,39.5,50.0,49.8,15.6,Average,2025-09-17 22:07:01.261008,2025-09-17 22:07:01.262292
STU0351,Katherine Flores,Grade 10,69.7,38.2,24.1,67.7,51.1,10.0,Average,2025-09-17 22:07:01.261008,2025-09-17 22:07:01.262292
STU0352,Noah Garcia,Grade 9,87.7,42.9,52.0,79.5,67.4,43.7,Average,2025-09-17 22:07:01.261008,2025-09-17 22:07:01.262292
STU0353,Willow Carter,Grade 6,77.8,64.5,39.7,71.6,67.8,10.0,Average,2025-09-17 22:07:01.261008,2025-09-17 22:07:01.262292
STU0354,Finley Baker,Grade 7,77.1,56.4,54.3,54.6,62.1,35.9,Average,2025-09-17 22:07:01.261008,2025-09-17 22:07:01.262292
STU0355,Logan Anderson,Grade 12,81.1,41.9,43.5,78.6,62.0,44.4,Average,2025-09-17 22:07:01.261008,2025-09-17 22:07:01.262292
STU0356,Violet Gonzalez,Grade 6,41.0,15.0,15.0,45.0,33.8,10.0,Needs Support,2025-09-17 22:07:01.261008,2025-09-17 22:07:01.262292
STU0357,River Johnson,Grade 9,63.1,42.3,47.7,50.6,52.5,17.9,Average,2025-09-17 22:07:01.261008,2025-09-17 22:07:01.262292
STU0358,Taylor Thomas,Grade 6,69.4,50.7,38.0,60.2,46.0,19.4,Average,2025-09-17 22:07:01.261008,2025-09-17 22:07:01.262292
STU0359,Aria Flores,Grade 11,70.4,34.6,30.6,45.6,50.2,36.1,Average,2025-09-17 22:07:01.261008,2025-09-17 22:07:01.262292
STU0360,Yara Roberts,Grade 12,62.7,42.5,36.6,56.5,46.7,24.9,Average,2025-09-17 22:07:01.261008,2025-09-17 22:07:01.262292
STU0361,Casey Robinson,Grade 7,79.4,54.3,42.1,59.3,55.1,17.3,Average,2025-09-17 22:07:01.261008,2025-09-17 22:07:01.262292
STU0362,Tyler Green,Grade 9,80.9,72.0,65.7,57.9,60.8,46.7,Average,2025-09-17 22:07:01.261008,2025-09-17 22:07:01.262292
STU0363,Grace Gonzalez,Grade 11,80.7,49.3,47.4,56.5,51.5,11.9,Average,2025-09-17 22:07:01.261008,2025-09-17 22:07:01.262292
STU0364,Penelope Hall,Grade 8,90.4,41.5,15.7,85.7,57.5,19.7,Average,2025-09-17 22:07:01.261008,2025-09-17 22:07:01.262292
STU0365,Reese Young,Grade 10,75.4,70.6,69.5,59.1,64.8,47.8,Average,2025-09-17 22:07:01.261008,2025-09-17 22:07:01.262292
STU0366,Sawyer Thomas,Grade 11,60.9,42.9,17.7,64.0,59.3,10.0,Average,2025-09-17 22:07:01.261008,2025-09-17 22:07:01.262292
STU0367,River Adams,Grade 8,75.6,51.0,51.1,60.0,58.5,18.1,Average,2025-09-17 22:07:01.261008,2025-09-17 22:07:01.262292
STU0368,Olivia Smith,Grade 9,72.9,37.9,41.6,48.3,53.1,11.7,Average,2025-09-17 22:07:01.261008,2025-09-17 22:07:01.262292
STU0369,Sophia Roberts,Grade 12,76.7,44.7,24.9,56.3,55.8,22.9,Average,2025-09-17 22:07:01.261008,2025-09-17 22:07:01.262292
STU0370,Avery Roberts,Grade 9,74.5,30.3,20.1,73.2,55.0,30.5,Average,2025-09-17 22:07:01.261008,2025-09-17 22:07:01.262292
STU0371,Vaughn Anderson,Grade 9,69.0,47.2,26.7,57.4,52.3,10.0,Average,2025-09-17 22:07:01.261008,2025-09-17 22:07:01.262292
STU0372,Blake Phillips,Grade 7,71.1,74.8,57.7,56.0,58.6,41.5,Average,2025-09-17 22:07:01.261008,2025-09-17 22:07:01.262292
STU0373,Olivia King,Grade 9,84.8,55.9,43.1,70.7,69.0,10.0,High Performer,2025-09-17 22:07:01.261008,2025-09-17 22:07:01.262292
STU0374,Zion Brown,Grade 10,87.5,47.3,43.1,76.2,69.7,15.0,High Performer,2025-09-17 22:07:01.261008,2025-09-17 22:07:01.262292
STU0375,Fiona Thomas,Grade 7,100.0,85.7,83.1,91.2,79.8,47.8,High Performer,2025-09-17 22:07:01.261008,2025-09-17 22:07:01.262292
STU0376,Yara Davis,Grade 9,72.8,38.4,44.7,73.5,55.4,13.2,Average,2025-09-17 22:07:01.261008,2025-09-17 22:07:01.262292
STU0377,Zion Rodriguez,Grade 7,78.9,50.1,34.5,64.2,58.5,10.0,Average,2025-09-17 22:07:01.261008,2025-09-17 22:07:01.262292
STU0378,Violet Robinson,Grade 10,74.5,63.4,48.6,52.8,55.8,19.2,Average,2025-09-17 22:07:01.261008,2025-09-17 22:07:01.262292
STU0379,Maya King,Grade 10,100.0,66.7,33.3,77.9,72.1,22.7,High Performer,2025-09-17 22:07:01.261008,2025-09-17 22:07:01.262292
STU0380,Fiona Hill,Grade 11,67.4,62.4,41.9,59.4,55.2,22.3,Average,2025-09-17 22:07:01.261008,2025-09-17 22:07:01.262292
STU0381,Mason Carter,Grade 7,78.8,53.1,48.0,61.0,70.9,10.0,High Performer,2025-09-17 22:07:01.261008,2025-09-17 22:07:01.262292
STU0382,Weston Flores,Grade 12,56.8,36.9,45.6,40.6,51.7,10.0,Average,2025-09-17 22:07:01.261008,2025-09-17 22:07:01.262292
STU0383,Willow Campbell,Grade 6,25.5,44.1,19.8,24.2,37.3,10.0,Needs Support,2025-09-17 22:07:01.261008,2025-09-17 22:07:01.262292
STU0384,Chloe Ramirez,Grade 8,70.5,36.2,23.0,59.5,56.0,20.7,Average,2025-09-17 22:07:01.261008,2025-09-17 22:07:01.262292
STU0385,Xara Scott,Grade 12,64.1,49.9,39.7,54.7,59.1,10.0,Average,2025-09-17 22:07:01.261008,2025-09-17 22:07:01.262292
STU0386,Weston Hernandez,Grade 12,87.0,54.2,46.1,67.9,63.7,20.2,Average,2025-09-17 22:07:01.261008,2025-09-17 22:07:01.262292
STU0387,Ruby Walker,Grade 12,79.8,68.2,46.5,66.0,62.6,20.0,Average,2025-09-17 22:07:01.261008,2025-09-17 22:07:01.262292
STU0388,Weston Taylor,Grade 9,98.0,90.5,78.8,79.5,80.8,64.3,High Performer,2025-09-17 22:07:01.261008,2025-09-17 22:07:01.262292
STU0389,Sophia Thomas,Grade 8,91.5,64.6,42.3,90.6,76.3,19.9,High Performer,2025-09-17 22:07:01.261008,2025-09-17 22:07:01.262292
STU0390,Xara Green,Grade 12,70.2,33.9,27.0,68.0,54.3,21.9,Average,2025-09-17 22:07:01.261008,2025-09-17 22:07:01.262292
STU0391,Jamie Roberts,Grade 10,53.1,38.5,33.6,33.2,40.0,27.0,Needs Support,2025-09-17 22:07:01.261008,2025-09-17 22:07:01.262292
STU0392,Tessa King,Grade 8,81.4,46.0,36.9,61.8,55.5,10.0,Average,2025-09-17 22:07:01.261008,2025-09-17 22:07:01.262292
STU0393,Bella Green,Grade 12,58.7,59.3,43.1,37.9,49.1,37.4,Average,2025-09-17 22:07:01.261008,2025-09-17 22:07:01.262292
STU0394,Finley Moore,Grade 6,100.0,72.7,54.7,85.5,77.9,35.3,High Performer,2025-09-17 22:07:01.261008,2025-09-17 22:07:01.262292
STU0395,Weston Jones,Grade 8,100.0,65.6,43.5,83.7,84.8,34.5,High Performer,2025-09-17 22:07:01.261008,2025-09-17 22:07:01.262292
STU0396,Penelope Jackson,Grade 11,54.4,46.3,24.1,42.2,43.3,78.9,Needs Support,2025-09-17 22:07:01.261008,2025-09-17 22:07:01.262292
STU0397,Finley Moore,Grade 8,32.7,15.0,15.0,21.4,30.2,10.0,Needs Support,2025-09-17 22:07:01.261008,2025-09-17 22:07:01.262292
STU0398,Noah Lee,Grade 12,93.3,56.3,62.0,74.1,77.6,60.2,High Performer,2025-09-17 22:07:01.261008,2025-09-17 22:07:01.262292
STU0399,Emma Garcia,Grade 10,89.3,63.8,59.9,73.8,78.6,28.9,High Performer,2025-09-17 22:07:01.261008,2025-09-17 22:07:01.262292
STU0400,Sage Martinez,Grade 10,82.0,54.1,40.3,70.3,62.6,28.5,Average,2025-09-17 22:07:01.261008,2025-09-17 22:07:01.262292
STU0401,Emery Harris,Grade 11,45.2,15.0,16.1,26.4,36.4,13.0,Needs Support,2025-09-17 22:07:01.261008,2025-09-17 22:07:01.262292
STU0402,Olivia Martinez,Grade 9,57.9,49.1,36.0,50.6,52.4,15.2,Average,2025-09-17 22:07:01.261008,2025-09-17 22:07:01.262292
STU0403,Penelope Wilson,Grade 12,70.3,63.3,62.4,55.4,63.8,28.9,Average,2025-09-17 22:07:01.261008,2025-09-17 22:07:01.262292
STU0404,Casey Clark,Grade 7,80.9,58.1,50.2,66.6,65.4,35.1,Average,2025-09-17 22:07:01.261008,2025-09-17 22:07:01.262292
STU0405,Tyler Perez,Grade 9,64.8,56.2,43.9,68.4,62.2,10.0,Average,2025-09-17 22:07:01.261008,2025-09-17 22:07:01.262292
STU0406,Emma Robinson,Grade 10,79.7,46.5,41.6,78.5,52.4,36.2,Average,2025-09-17 22:07:01.261008,2025-09-17 22:07:01.262292
STU0407,Tyler Brown,Grade 9,29.7,15.0,15.0,20.0,31.4,10.0,Needs Support,2025-09-17 22:07:01.261008,2025-09-17 22:07:01.262292
STU0408,Drew Turner,Grade 8,73.8,65.5,41.1,69.4,64.9,10.0,Average,2025-09-17 22:07:01.261008,2025-09-17 22:07:01.262292
STU0409,Tyler Harris,Grade 8,77.0,46.4,25.2,71.9,57.9,10.0,Average,2025-09-17 22:07:01.261008,2025-09-17 22:07:01.262292
STU0410,Tessa Nguyen,Grade 10,100.0,55.2,46.6,77.1,79.0,44.4,High Performer,2025-09-17 22:07:01.261008,2025-09-17 22:07:01.262292
STU0411,Olivia Johnson,Grade 12,89.0,77.9,77.1,72.5,71.5,37.1,High Performer,2025-09-17 22:07:01.261008,2025-09-17 22:07:01.262292
STU0412,Yara Carter,Grade 10,54.9,43.9,57.4,59.0,52.4,39.8,Average,2025-09-17 22:07:01.261008,2025-09-17 22:07:01.262292
STU0413,Grace Harris,Grade 9,49.0,38.4,37.1,32.7,49.5,11.3,Average,2025-09-17 22:07:01.261008,2025-09-17 22:07:01.262292
STU0414,Aria Smith,Grade 9,100.0,97.1,77.2,80.0,82.0,56.8,High Performer,2025-09-17 22:07:01.261008,2025-09-17 22:07:01.262292
STU0415,Owen Martin,Grade 8,74.2,44.8,17.8,71.2,53.4,21.0,Average,2025-09-17 22:07:01.261008,2025-09-17 22:07:01.262292
STU0416,Sophia Harris,Grade 12,61.0,52.3,36.4,54.0,51.5,49.6,Average,2025-09-17 22:07:01.261008,2025-09-17 22:07:01.262292
STU0417,Yara Turner,Grade 7,100.0,72.8,51.3,92.6,82.2,24.3,High Performer,2025-09-17 22:07:01.261008,2025-09-17 22:07:01.262292
STU0418,Tyler Wright,Grade 11,73.2,53.4,36.5,65.0,60.5,32.0,Average,2025-09-17 22:07:01.261008,2025-09-17 22:07:01.262292
STU0419,Ruby Mitchell,Grade 7,85.2,82.2,65.4,81.2,69.5,38.7,High Performer,2025-09-17 22:07:01.261008,2025-09-17 22:07:01.262292
STU0420,Emma Phillips,Grade 10,72.6,55.8,39.9,51.1,53.6,43.4,Average,2025-09-17 22:07:01.261008,2025-09-17 22:07:01.262292
STU0421,Iris Anderson,Grade 9,100.0,85.4,44.5,91.8,77.3,12.4,High Performer,2025-09-17 22:07:01.261008,2025-09-17 22:07:01.262292
STU0422,Bella Anderson,Grade 7,89.0,85.2,73.3,87.6,80.7,53.8,High Performer,2025-09-17 22:07:01.261008,2025-09-17 22:07:01.262292
STU0423,Jamie Ramirez,Grade 12,67.3,42.0,22.9,55.4,51.9,10.8,Average,2025-09-17 22:07:01.261008,2025-09-17 22:07:01.262292
STU0424,Bella Johnson,Grade 12,79.0,49.1,41.7,66.8,64.0,24.1,Average,2025-09-17 22:07:01.261008,2025-09-17 22:07:01.262292
STU0425,Reese Perez,Grade 9,89.2,43.2,55.3,63.6,56.7,34.6,Average,2025-09-17 22:07:01.261008,2025-09-17 22:07:01.262292
STU0426,Maya Baker,Grade 6,78.3,39.8,22.6,70.7,62.5,17.4,Average,2025-09-17 22:07:01.261008,2025-09-17 22:07:01.262292
STU0427,Violet Sanchez,Grade 8,51.1,63.5,25.5,48.0,48.8,13.6,Average,2025-09-17 22:07:01.261008,2025-09-17 22:07:01.262292
STU0428,Quinn Hernandez,Grade 11,83.3,43.0,31.5,70.3,67.9,22.1,Average,2025-09-17 22:07:01.261008,2025-09-17 22:07:01.262292
STU0429,Xara Robinson,Grade 9,100.0,66.3,62.5,98.1,82.4,57.9,High Performer,2025-09-17 22:07:01.261008,2025-09-17 22:07:01.262292
STU0430,Sage Flores,Grade 11,28.5,22.0,35.4,32.0,42.3,39.6,Needs Support,2025-09-17 22:07:01.261008,2025-09-17 22:07:01.262292
STU0431,Emma Johnson,Grade 12,27.2,25.5,15.3,32.5,42.3,25.0,Needs Support,2025-09-17 22:07:01.261008,2025-09-17 22:07:01.262292
STU0432,Sawyer Nguyen,Grade 9,54.5,37.4,34.9,38.1,49.0,14.1,Average,2025-09-17 22:07:01.261008,2025-09-17 22:07:01.262292
STU0433,Grace Nelson,Grade 9,54.4,56.5,40.5,46.0,52.1,11.0,Average,2025-09-17 22:07:01.261008,2025-09-17 22:07:01.262292
STU0434,Jordan Garcia,Grade 11,63.2,49.5,38.6,52.3,51.8,37.5,Average,2025-09-17 22:07:01.261008,2025-09-17 22:07:01.262292
STU0435,Luna Ramirez,Grade 12,99.9,67.3,85.6,91.0,93.1,59.1,High Performer,2025-09-17 22:07:01.261008,2025-09-17 22:07:01.262292
STU0436,Sage Robinson,Grade 12,67.1,53.2,27.5,54.1,56.9,38.6,Average,2025-09-17 22:07:01.261008,2025-09-17 22:07:01.262292
STU0437,Blake Brown,Grade 11,94.5,69.7,59.8,79.3,73.7,22.8,High Performer,2025-09-17 22:07:01.261008,2025-09-17 22:07:01.262292
STU0438,Hayden Harris,Grade 7,55.0,53.8,47.7,53.3,46.4,25.2,Average,2025-09-17 22:07:01.261008,2025-09-17 22:07:01.262292
STU0439,Mason Wilson,Grade 9,42.9,36.7,34.8,24.1,33.8,10.0,Needs Support,2025-09-17 22:07:01.261008,2025-09-17 22:07:01.262292
STU0440,Zion Lee,Grade 6,64.7,57.2,46.8,42.1,54.3,22.2,Average,2025-09-17 22:07:01.261008,2025-09-17 22:07:01.262292
STU0441,Noah Carter,Grade 7,65.5,61.0,51.9,69.7,63.9,46.1,Average,2025-09-17 22:07:01.261008,2025-09-17 22:07:01.262292
STU0442,Reese Moore,Grade 10,76.5,62.7,46.3,76.1,64.5,20.8,Average,2025-09-17 22:07:01.261008,2025-09-17 22:07:01.262292
STU0443,Sophia Turner,Grade 10,35.2,16.2,20.2,22.3,33.3,25.4,Needs Support,2025-09-17 22:07:01.261008,2025-09-17 22:07:01.262292
STU0444,Tyler Taylor,Grade 8,67.9,32.5,22.6,63.2,58.3,10.7,Average,2025-09-17 22:07:01.261008,2025-09-17 22:07:01.262292
STU0445,Xara Garcia,Grade 12,65.2,40.1,38.3,51.4,54.1,27.8,Average,2025-09-17 22:07:01.261008,2025-09-17 22:07:01.262292
STU0446,Aria Johnson,Grade 6,71.5,48.2,34.9,62.9,51.2,10.0,Average,2025-09-17 22:07:01.261008,2025-09-17 22:07:01.262292
STU0447,Ruby Wright,Grade 12,63.3,46.5,41.0,56.2,52.8,25.9,Average,2025-09-17 22:07:01.261008,2025-09-17 22:07:01.262292
STU0448,Morgan Thompson,Grade 12,50.7,39.1,27.2,32.1,39.9,10.0,Needs Support,2025-09-17 22:07:01.261008,2025-09-17 22:07:01.262292
STU0449,Emery Adams,Grade 9,61.9,58.5,58.0,46.4,53.8,32.0,Average,2025-09-17 22:07:01.261008,2025-09-17 22:07:01.262292
STU0450,Casey Roberts,Grade 6,45.8,26.7,15.0,36.0,41.0,10.0,Needs Support,2025-09-17 22:07:01.261008,2025-09-17 22:07:01.262292
STU0451,Luna Williams,Grade 10,67.1,52.0,23.9,49.7,47.9,32.4,Average,2025-09-17 22:07:01.261008,2025-09-17 22:07:01.262292
STU0452,Sophia Johnson,Grade 9,94.0,87.0,79.9,74.2,71.2,57.4,High Performer,2025-09-17 22:07:01.261008,2025-09-17 22:07:01.262292
STU0453,Finley Gonzalez,Grade 6,39.4,33.2,19.0,29.1,37.4,21.5,Needs Support,2025-09-17 22:07:01.261008,2025-09-17 22:07:01.262292
STU0454,Xara Johnson,Grade 11,100.0,94.2,67.6,72.6,74.4,59.9,High Performer,2025-09-17 22:07:01.261008,2025-09-17 22:07:01.262292
STU0455,Julia Martinez,Grade 7,45.7,37.7,27.9,43.6,37.9,10.0,Needs Support,2025-09-17 22:07:01.261008,2025-09-17 22:07:01.262292
STU0456,Finley Rodriguez,Grade 9,67.0,19.5,29.4,68.9,60.8,43.8,Average,2025-09-17 22:07:01.261008,2025-09-17 22:07:01.262292
STU0457,Aria Nelson,Grade 12,71.1,56.9,24.2,55.8,59.8,28.5,Average,2025-09-17 22:07:01.261008,2025-09-17 22:07:01.262292
STU0458,Quinn Torres,Grade 11,58.1,42.7,65.5,51.3,52.6,35.8,Average,2025-09-17 22:07:01.261008,2025-09-17 22:07:01.262292
STU0459,Drew Robinson,Grade 7,66.3,58.7,57.5,60.3,61.3,51.5,Average,2025-09-17 22:07:01.261008,2025-09-17 22:07:01.262292
STU0460,Olivia Taylor,Grade 6,50.7,38.0,30.1,40.6,42.6,10.0,Needs Support,2025-09-17 22:07:01.261008,2025-09-17 22:07:01.262292
STU0461,Tessa White,Grade 9,100.0,73.0,55.6,84.9,87.4,18.4,High Performer,2025-09-17 22:07:01.261008,2025-09-17 22:07:01.262292
STU0462,Phoenix Hill,Grade 12,89.9,42.3,35.6,78.8,69.4,10.0,High Performer,2025-09-17 22:07:01.261008,2025-09-17 22:07:01.262292
STU0463,Iris Mitchell,Grade 8,61.1,39.1,36.5,55.8,51.0,14.0,Average,2025-09-17 22:07:01.261008,2025-09-17 22:07:01.262292
STU0464,Penelope Davis,Grade 8,78.9,41.0,39.3,57.1,62.0,10.0,Average,2025-09-17 22:07:01.261008,2025-09-17 22:07:01.262292
STU0465,Tessa Evans,Grade 10,67.6,40.9,38.2,64.4,56.3,41.3,Average,2025-09-17 22:07:01.261008,2025-09-17 22:07:01.262292
STU0466,Phoenix Martin,Grade 11,78.2,53.7,43.9,73.6,58.4,22.5,Average,2025-09-17 22:07:01.261008,2025-09-17 22:07:01.262292
STU0467,Avery Nguyen,Grade 9,73.8,75.5,58.4,56.6,63.8,40.3,Average,2025-09-17 22:07:01.261008,2025-09-17 22:07:01.262292
STU0468,Jordan Martin,Grade 11,100.0,65.7,51.9,89.7,75.8,20.1,High Performer,2025-09-17 22:07:01.261008,2025-09-17 22:07:01.262292
STU0469,Grace Baker,Grade 6,60.5,25.5,15.0,47.9,43.7,10.0,Needs Support,2025-09-17 22:07:01.261008,2025-09-17 22:07:01.262292
STU0470,Reese Sanchez,Grade 12,49.9,48.3,50.0,40.8,45.8,34.0,Average,2025-09-17 22:07:01.261008,2025-09-17 22:07:01.262292
STU0471,Penelope Gonzalez,Grade 8,66.9,60.5,54.3,65.4,62.2,10.0,Average,2025-09-17 22:07:01.261008,2025-09-17 22:07:01.262292
STU0472,Casey Nguyen,Grade 12,23.9,15.0,15.0,38.2,28.4,10.0,Needs Support,2025-09-17 22:07:01.261008,2025-09-17 22:07:01.262292
STU0473,Olivia Turner,Grade 11,53.9,23.9,18.6,37.5,41.0,10.0,Needs Support,2025-09-17 22:07:01.261008,2025-09-17 22:07:01.262292
STU0474,Katherine Thomas,Grade 12,85.3,63.5,52.8,61.4,62.0,61.5,Average,2025-09-17 22:07:01.261008,2025-09-17 22:07:01.262292
STU0475,Avery Hall,Grade 10,91.1,56.9,45.3,79.9,68.1,40.8,Average,2025-09-17 22:07:01.261008,2025-09-17 22:07:01.262292
STU0476,Tessa Martin,Grade 9,40.1,45.3,41.2,42.1,42.4,25.3,Needs Support,2025-09-17 22:07:01.261008,2025-09-17 22:07:01.262292
STU0477,Yara Baker,Grade 8,75.0,53.6,54.1,61.9,67.5,51.4,Average,2025-09-17 22:07:01.261008,2025-09-17 22:07:01.262292
STU0478,Iris Phillips,Grade 11,55.3,57.3,55.3,58.6,46.2,20.5,Average,2025-09-17 22:07:01.261008,2025-09-17 22:07:01.262292
STU0479,Quinn Gomez,Grade 11,82.3,55.9,37.0,59.3,66.8,30.3,Average,2025-09-17 22:07:01.261008,2025-09-17 22:07:01.262292
STU0480,Grace Gomez,Grade 12,95.0,58.8,53.0,93.7,80.9,32.1,High Performer,2025-09-17 22:07:01.261008,2025-09-17 22:07:01.262292
STU0481,Taylor Thompson,Grade 9,74.4,56.3,35.3,58.4,56.6,25.2,Average,2025-09-17 22:07:01.261008,2025-09-17 22:07:01.262292
STU0482,Emma Ramirez,Grade 12,59.3,21.6,16.5,51.1,33.8,28.1,Needs Support,2025-09-17 22:07:01.261008,2025-09-17 22:07:01.262292
STU0483,Maya White,Grade 10,30.1,49.0,30.0,46.5,41.9,32.6,Needs Support,2025-09-17 22:07:01.261008,2025-09-17 22:07:01.262292
STU0484,Casey Allen,Grade 6,72.7,46.3,45.7,55.6,56.6,31.7,Average,2025-09-17 22:07:01.261008,2025-09-17 22:07:01.262292
STU0485,Luna Perez,Grade 10,58.9,33.4,32.1,41.7,43.8,10.0,Needs Support,2025-09-17 22:07:01.261008,2025-09-17 22:07:01.262292
STU0486,Alex Diaz,Grade 6,32.7,39.6,39.6,31.9,38.7,10.4,Needs Support,2025-09-17 22:07:01.261008,2025-09-17 22:07:01.262292
STU0487,Tyler Evans,Grade 7,72.3,25.2,27.4,58.4,57.4,14.6,Average,2025-09-17 22:07:01.261008,2025-09-17 22:07:01.262292
STU0488,Bella Miller,Grade 11,46.2,15.0,22.4,47.3,43.9,12.4,Needs Support,2025-09-17 22:07:01.261008,2025-09-17 22:07:01.262292
STU0489,Vaughn White,Grade 11,93.2,48.2,32.1,79.5,63.2,10.0,Average,2025-09-17 22:07:01.261008,2025-09-17 22:07:01.262292
STU0490,Katherine Turner,Grade 8,83.4,73.4,63.0,55.6,61.0,74.0,Average,2025-09-17 22:07:01.261008,2025-09-17 22:07:01.262292
STU0491,Zion Rivera,Grade 7,71.5,42.3,41.8,60.7,54.9,47.8,Average,2025-09-17 22:07:01.261008,2025-09-17 22:07:01.262292
STU0492,River Ramirez,Grade 11,83.9,100.0,89.4,66.1,75.2,59.3,High Performer,2025-09-17 22:07:01.261008,2025-09-17 22:07:01.262292
STU0493,Blake Campbell,Grade 6,69.2,43.0,46.3,54.9,57.6,28.9,Average,2025-09-17 22:07:01.261008,2025-09-17 22:07:01.262292
STU0494,Diana Adams,Grade 9,51.6,42.2,40.8,55.4,46.0,21.3,Average,2025-09-17 22:07:01.261008,2025-09-17 22:07:01.262292
STU0495,Jamie Flores,Grade 6,90.8,91.3,72.3,68.3,77.4,27.9,High Performer,2025-09-17 22:07:01.261008,2025-09-17 22:07:01.262292
STU0496,Violet Wright,Grade 12,80.2,83.1,75.6,77.1,84.2,45.4,High Performer,2025-09-17 22:07:01.261008,2025-09-17 22:07:01.262292
STU0497,Tessa Walker,Grade 11,68.8,62.8,50.0,56.3,64.2,33.9,Average,2025-09-17 22:07:01.261008,2025-09-17 22:07:01.262292
STU0498,Zion Ramirez,Grade 11,72.3,61.5,40.4,59.2,59.6,10.0,Average,2025-09-17 22:07:01.261008,2025-09-17 22:07:01.262292
STU0499,Willow Campbell,Grade 12,52.3,52.1,40.0,50.8,48.4,29.0,Average,2025-09-17 22:07:01.261008,2025-09-17 22:07:01.262292
STU0500,Hannah Moore,Grade 6,44.4,33.3,15.5,43.7,42.4,13.2,Needs Support,2025-09-17 22:07:01.261008,2025-09-17 22:07:01.262292
